Episode,1,Score,-21,largest_variance,0.232122,all_var,0.138381
Episode,2,Score,-21,largest_variance,0.213971,all_var,0.1388271667
Episode,3,Score,-18,largest_variance,0.219262,all_var,0.1385963333
Episode,4,Score,-20,largest_variance,0.211644,all_var,0.1386725
Episode,5,Score,-20,largest_variance,0.218808,all_var,0.1386593333
Episode,6,Score,-20,largest_variance,0.226158,all_var,0.1384923333
Episode,7,Score,-21,largest_variance,0.220775,all_var,0.1387331667
Episode,8,Score,-21,largest_variance,0.211851,all_var,0.1388291667
Episode,9,Score,-21,largest_variance,0.215066,all_var,0.1388298333
Episode,10,Score,-20,largest_variance,0.219646,all_var,0.1385845
Episode,11,Score,-21,largest_variance,0.231161,all_var,0.1383781667
Episode,12,Score,-21,largest_variance,0.227481,all_var,0.1384586667
Episode,13,Score,-20,largest_variance,0.21729,all_var,0.1386565
Episode,14,Score,-21,largest_variance,0.225498,all_var,0.1384225
Episode,15,Score,-19,largest_variance,0.213367,all_var,0.1387188333
Episode,16,Score,-20,largest_variance,0.2155,all_var,0.1384576667
Episode,17,Score,-20,largest_variance,0.218061,all_var,0.138559
Episode,18,Score,-20,largest_variance,0.223013,all_var,0.1386533333
Episode,19,Score,-21,largest_variance,0.222077,all_var,0.1385108333
Episode,20,Score,-19,largest_variance,0.208033,all_var,0.1386908333
Episode,21,Score,-20,largest_variance,0.224047,all_var,0.1384783333
Episode,22,Score,-20,largest_variance,0.214166,all_var,0.1387406667
Episode,23,Score,-21,largest_variance,0.222666,all_var,0.1385245
Episode,24,Score,-19,largest_variance,0.225062,all_var,0.1387155
Episode,25,Score,-20,largest_variance,0.215296,all_var,0.138673
Episode,26,Score,-21,largest_variance,0.211662,all_var,0.1386995
Episode,27,Score,-20,largest_variance,0.217211,all_var,0.1385228333
Episode,28,Score,-19,largest_variance,0.24014,all_var,0.1382855
Episode,29,Score,-20,largest_variance,0.22084,all_var,0.1383691667
Episode,30,Score,-21,largest_variance,0.21683,all_var,0.138582
Episode,31,Score,-21,largest_variance,0.224399,all_var,0.1383355
Episode,32,Score,-20,largest_variance,0.210525,all_var,0.1385646667
Episode,33,Score,-20,largest_variance,0.225529,all_var,0.1384995
Episode,34,Score,-21,largest_variance,0.225846,all_var,0.1384045
Episode,35,Score,-20,largest_variance,0.218325,all_var,0.138516
Episode,36,Score,-20,largest_variance,0.222887,all_var,0.138412
Episode,37,Score,-20,largest_variance,0.231174,all_var,0.1381575
Episode,38,Score,-20,largest_variance,0.228647,all_var,0.1384126667
Episode,39,Score,-20,largest_variance,0.222909,all_var,0.1384876667
Episode,40,Score,-19,largest_variance,0.233885,all_var,0.1378511667
Episode,41,Score,-20,largest_variance,0.235998,all_var,0.137743
Episode,42,Score,-20,largest_variance,0.23745,all_var,0.1375925
Episode,43,Score,-20,largest_variance,0.227295,all_var,0.137956
Episode,44,Score,-21,largest_variance,0.224755,all_var,0.1381383333
Episode,45,Score,-18,largest_variance,0.247615,all_var,0.1378426667
Episode,46,Score,-21,largest_variance,0.241116,all_var,0.1379423333
Episode,47,Score,-21,largest_variance,0.239206,all_var,0.1378891667
Episode,48,Score,-17,largest_variance,0.240286,all_var,0.1374238333
Episode,49,Score,-18,largest_variance,0.234975,all_var,0.138236
Episode,50,Score,-21,largest_variance,0.247836,all_var,0.137341
Episode,51,Score,-20,largest_variance,0.250185,all_var,0.1373626667
Episode,52,Score,-21,largest_variance,0.239694,all_var,0.138396
Episode,53,Score,-21,largest_variance,0.256414,all_var,0.1374385
Episode,54,Score,-20,largest_variance,0.281334,all_var,0.1359551667
Episode,55,Score,-20,largest_variance,0.264678,all_var,0.1368005
Episode,56,Score,-21,largest_variance,0.245537,all_var,0.1380553333
Episode,57,Score,-21,largest_variance,0.249051,all_var,0.1366815
Episode,58,Score,-21,largest_variance,0.265202,all_var,0.1362918333
Episode,59,Score,-20,largest_variance,0.275092,all_var,0.1358271667
Episode,60,Score,-19,largest_variance,0.261411,all_var,0.1368345
Episode,61,Score,-21,largest_variance,0.23449,all_var,0.1371286667
Episode,62,Score,-20,largest_variance,0.255817,all_var,0.136654
Episode,63,Score,-20,largest_variance,0.232692,all_var,0.1379763333
Episode,64,Score,-20,largest_variance,0.250506,all_var,0.1370268333
Episode,65,Score,-19,largest_variance,0.2519,all_var,0.137044
Episode,66,Score,-19,largest_variance,0.246365,all_var,0.1368821667
Episode,67,Score,-20,largest_variance,0.260583,all_var,0.1368075
Episode,68,Score,-21,largest_variance,0.257168,all_var,0.1372281667
Episode,69,Score,-20,largest_variance,0.245245,all_var,0.1369311667
Episode,70,Score,-18,largest_variance,0.246975,all_var,0.1373055
Episode,71,Score,-18,largest_variance,0.24966,all_var,0.1372156667
Episode,72,Score,-18,largest_variance,0.256329,all_var,0.1361778333
Episode,73,Score,-19,largest_variance,0.250836,all_var,0.1365785
Episode,74,Score,-18,largest_variance,0.226518,all_var,0.1372155
Episode,75,Score,-21,largest_variance,0.25155,all_var,0.1366435
Episode,76,Score,-20,largest_variance,0.263064,all_var,0.1359655
Episode,77,Score,-20,largest_variance,0.246476,all_var,0.1369358333
Episode,78,Score,-21,largest_variance,0.240411,all_var,0.1368571667
Episode,79,Score,-20,largest_variance,0.265974,all_var,0.1359853333
Episode,80,Score,-19,largest_variance,0.259282,all_var,0.1364625
Episode,81,Score,-19,largest_variance,0.244728,all_var,0.136599
Episode,82,Score,-20,largest_variance,0.253688,all_var,0.1361683333
Episode,83,Score,-21,largest_variance,0.23633,all_var,0.137274
Episode,84,Score,-20,largest_variance,0.240214,all_var,0.1371251667
Episode,85,Score,-20,largest_variance,0.246129,all_var,0.137232
Episode,86,Score,-20,largest_variance,0.231067,all_var,0.1372656667
Episode,87,Score,-21,largest_variance,0.276664,all_var,0.1357175
Episode,88,Score,-19,largest_variance,0.242404,all_var,0.1372596667
Episode,89,Score,-21,largest_variance,0.221035,all_var,0.1377888333
Episode,90,Score,-21,largest_variance,0.239048,all_var,0.1367558333
Episode,91,Score,-21,largest_variance,0.24621,all_var,0.136814
Episode,92,Score,-18,largest_variance,0.24729,all_var,0.1366075
Episode,93,Score,-21,largest_variance,0.2309,all_var,0.1370388333
Episode,94,Score,-21,largest_variance,0.247911,all_var,0.136732
Episode,95,Score,-20,largest_variance,0.222993,all_var,0.1374366667
Episode,96,Score,-21,largest_variance,0.228065,all_var,0.1375545
Episode,97,Score,-19,largest_variance,0.243043,all_var,0.136762
Episode,98,Score,-18,largest_variance,0.225898,all_var,0.1377066667
Episode,99,Score,-21,largest_variance,0.236776,all_var,0.1380566667
Episode,100,Score,-21,largest_variance,0.231696,all_var,0.1373048333
Episode,101,Score,-17,largest_variance,0.228238,all_var,0.1371603333
Episode,102,Score,-20,largest_variance,0.235419,all_var,0.1372988333
Episode,103,Score,-19,largest_variance,0.236879,all_var,0.1373963333
Episode,104,Score,-20,largest_variance,0.229997,all_var,0.137425
Episode,105,Score,-19,largest_variance,0.217511,all_var,0.1363203333
Episode,106,Score,-20,largest_variance,0.226858,all_var,0.1368286667
Episode,107,Score,-21,largest_variance,0.247338,all_var,0.1369918333
Episode,108,Score,-19,largest_variance,0.228659,all_var,0.137444
Episode,109,Score,-21,largest_variance,0.25011,all_var,0.1362753333
Episode,110,Score,-21,largest_variance,0.24828,all_var,0.1361203333
Episode,111,Score,-20,largest_variance,0.255008,all_var,0.136466
Episode,112,Score,-19,largest_variance,0.242373,all_var,0.1369753333
Episode,113,Score,-18,largest_variance,0.249206,all_var,0.1360398333
Episode,114,Score,-20,largest_variance,0.246824,all_var,0.1363606667
Episode,115,Score,-20,largest_variance,0.234817,all_var,0.1362871667
Episode,116,Score,-18,largest_variance,0.253461,all_var,0.1358645
Episode,117,Score,-18,largest_variance,0.261027,all_var,0.136019
Episode,118,Score,-21,largest_variance,0.237082,all_var,0.1355866667
Episode,119,Score,-20,largest_variance,0.252521,all_var,0.1360581667
Episode,120,Score,-18,largest_variance,0.254649,all_var,0.1354158333
Episode,121,Score,-17,largest_variance,0.272738,all_var,0.135219
Episode,122,Score,-20,largest_variance,0.253451,all_var,0.1360451667
Episode,123,Score,-21,largest_variance,0.251587,all_var,0.1360761667
Episode,124,Score,-20,largest_variance,0.255462,all_var,0.1356068333
Episode,125,Score,-19,largest_variance,0.256474,all_var,0.1353838333
Episode,126,Score,-20,largest_variance,0.265449,all_var,0.1358655
Episode,127,Score,-20,largest_variance,0.259235,all_var,0.1354093333
Episode,128,Score,-20,largest_variance,0.262871,all_var,0.1350225
Episode,129,Score,-19,largest_variance,0.281411,all_var,0.1346406667
Episode,130,Score,-21,largest_variance,0.307001,all_var,0.133841
Episode,131,Score,-21,largest_variance,0.318698,all_var,0.1320535
Episode,132,Score,-20,largest_variance,0.316302,all_var,0.1324975
Episode,133,Score,-20,largest_variance,0.309405,all_var,0.1320956667
Episode,134,Score,-21,largest_variance,0.31145,all_var,0.1317418333
Episode,135,Score,-21,largest_variance,0.310483,all_var,0.1308606667
Episode,136,Score,-20,largest_variance,0.322666,all_var,0.1312735
Episode,137,Score,-19,largest_variance,0.304026,all_var,0.1319511667
Episode,138,Score,-21,largest_variance,0.297801,all_var,0.1319211667
Episode,139,Score,-19,largest_variance,0.305703,all_var,0.1310746667
Episode,140,Score,-21,largest_variance,0.310815,all_var,0.1309906667
Episode,141,Score,-19,largest_variance,0.30043,all_var,0.1308973333
Episode,142,Score,-20,largest_variance,0.308735,all_var,0.1314695
Episode,143,Score,-20,largest_variance,0.306286,all_var,0.1315861667
Episode,144,Score,-19,largest_variance,0.30226,all_var,0.1309883333
Episode,145,Score,-18,largest_variance,0.297084,all_var,0.1300601667
Episode,146,Score,-19,largest_variance,0.300985,all_var,0.1311255
Episode,147,Score,-21,largest_variance,0.309473,all_var,0.1310271667
Episode,148,Score,-18,largest_variance,0.315279,all_var,0.1293211667
Episode,149,Score,-16,largest_variance,0.311424,all_var,0.1298851667
Episode,150,Score,-21,largest_variance,0.310518,all_var,0.1293425
Episode,151,Score,-20,largest_variance,0.308964,all_var,0.1296201667
Episode,152,Score,-19,largest_variance,0.304861,all_var,0.1312721667
Episode,153,Score,-21,largest_variance,0.278904,all_var,0.131004
Episode,154,Score,-19,largest_variance,0.29563,all_var,0.1311291667
Episode,155,Score,-20,largest_variance,0.278329,all_var,0.131287
Episode,156,Score,-21,largest_variance,0.281665,all_var,0.1304856667
Episode,157,Score,-19,largest_variance,0.298566,all_var,0.1303135
Episode,158,Score,-19,largest_variance,0.28402,all_var,0.1300226667
Episode,159,Score,-21,largest_variance,0.290902,all_var,0.1316131667
Episode,160,Score,-19,largest_variance,0.300384,all_var,0.1291241667
Episode,161,Score,-21,largest_variance,0.295304,all_var,0.1305885
Episode,162,Score,-18,largest_variance,0.293663,all_var,0.1305471667
Episode,163,Score,-20,largest_variance,0.302671,all_var,0.1302945
Episode,164,Score,-17,largest_variance,0.28777,all_var,0.1270476667
Episode,165,Score,-21,largest_variance,0.270572,all_var,0.1284291667
Episode,166,Score,-21,largest_variance,0.28355,all_var,0.1302006667
Episode,167,Score,-20,largest_variance,0.283035,all_var,0.131927
Episode,168,Score,-20,largest_variance,0.277984,all_var,0.1290795
Episode,169,Score,-20,largest_variance,0.278654,all_var,0.1289986667
Episode,170,Score,-21,largest_variance,0.268353,all_var,0.1281211667
Episode,171,Score,-19,largest_variance,0.279409,all_var,0.127593
Episode,172,Score,-21,largest_variance,0.253584,all_var,0.1254573333
Episode,173,Score,-20,largest_variance,0.274909,all_var,0.1273101667
Episode,174,Score,-19,largest_variance,0.258061,all_var,0.1287905
Episode,175,Score,-21,largest_variance,0.265213,all_var,0.1249821667
Episode,176,Score,-19,largest_variance,0.255893,all_var,0.1257471667
Episode,177,Score,-21,largest_variance,0.264529,all_var,0.126234
Episode,178,Score,-19,largest_variance,0.277057,all_var,0.1254003333
Episode,179,Score,-21,largest_variance,0.261043,all_var,0.1238211667
Episode,180,Score,-20,largest_variance,0.254347,all_var,0.129777
Episode,181,Score,-21,largest_variance,0.289179,all_var,0.1247473333
Episode,182,Score,-20,largest_variance,0.276921,all_var,0.1251885
Episode,183,Score,-19,largest_variance,0.275475,all_var,0.1263833333
Episode,184,Score,-17,largest_variance,0.266103,all_var,0.1277558333
Episode,185,Score,-17,largest_variance,0.276065,all_var,0.1262498333
Episode,186,Score,-19,largest_variance,0.272417,all_var,0.1285746667
Episode,187,Score,-21,largest_variance,0.27226,all_var,0.1269313333
Episode,188,Score,-17,largest_variance,0.285548,all_var,0.1269986667
Episode,189,Score,-19,largest_variance,0.269121,all_var,0.1264478333
Episode,190,Score,-19,largest_variance,0.287098,all_var,0.1285943333
Episode,191,Score,-21,largest_variance,0.283411,all_var,0.1279176667
Episode,192,Score,-19,largest_variance,0.280489,all_var,0.1270091667
Episode,193,Score,-19,largest_variance,0.27775,all_var,0.129168
Episode,194,Score,-18,largest_variance,0.275389,all_var,0.1299938333
Episode,195,Score,-20,largest_variance,0.289793,all_var,0.1284811667
Episode,196,Score,-21,largest_variance,0.30049,all_var,0.1296671667
Episode,197,Score,-18,largest_variance,0.294027,all_var,0.1266051667
Episode,198,Score,-17,largest_variance,0.285424,all_var,0.1272853333
Episode,199,Score,-19,largest_variance,0.269357,all_var,0.1290976667
Episode,200,Score,-18,largest_variance,0.305647,all_var,0.1277901667
Episode,201,Score,-17,largest_variance,0.291294,all_var,0.126625
Episode,202,Score,-16,largest_variance,0.299554,all_var,0.1269625
Episode,203,Score,-18,largest_variance,0.277608,all_var,0.1256926667
Episode,204,Score,-20,largest_variance,0.269293,all_var,0.1271913333
Episode,205,Score,-17,largest_variance,0.291629,all_var,0.1268838333
Episode,206,Score,-19,largest_variance,0.303107,all_var,0.124825
Episode,207,Score,-17,largest_variance,0.292415,all_var,0.1260426667
Episode,208,Score,-16,largest_variance,0.291781,all_var,0.125965
Episode,209,Score,-17,largest_variance,0.276705,all_var,0.1253215
Episode,210,Score,-16,largest_variance,0.296607,all_var,0.1223735
Episode,211,Score,-20,largest_variance,0.283822,all_var,0.1249298333
Episode,212,Score,-18,largest_variance,0.311865,all_var,0.123714
Episode,213,Score,-20,largest_variance,0.291631,all_var,0.1226908333
Episode,214,Score,-19,largest_variance,0.310822,all_var,0.123066
Episode,215,Score,-19,largest_variance,0.301895,all_var,0.1220376667
Episode,216,Score,-19,largest_variance,0.324897,all_var,0.1216476667
Episode,217,Score,-18,largest_variance,0.301014,all_var,0.1224486667
Episode,218,Score,-18,largest_variance,0.303912,all_var,0.1225248333
Episode,219,Score,-17,largest_variance,0.301109,all_var,0.1225223333
Episode,220,Score,-19,largest_variance,0.300838,all_var,0.1221518333
Episode,221,Score,-17,largest_variance,0.30654,all_var,0.1225998333
Episode,222,Score,-18,largest_variance,0.303877,all_var,0.1235478333
Episode,223,Score,-16,largest_variance,0.30421,all_var,0.1225873333
Episode,224,Score,-20,largest_variance,0.299713,all_var,0.124345
Episode,225,Score,-14,largest_variance,0.31002,all_var,0.1210566667
Episode,226,Score,-14,largest_variance,0.32138,all_var,0.1198115
Episode,227,Score,-19,largest_variance,0.313829,all_var,0.1210185
Episode,228,Score,-18,largest_variance,0.309286,all_var,0.1222675
Episode,229,Score,-17,largest_variance,0.302276,all_var,0.1208453333
Episode,230,Score,-20,largest_variance,0.315291,all_var,0.1194901667
Episode,231,Score,-18,largest_variance,0.303908,all_var,0.1195706667
Episode,232,Score,-18,largest_variance,0.312891,all_var,0.1167386667
Episode,233,Score,-19,largest_variance,0.291988,all_var,0.1184711667
Episode,234,Score,-17,largest_variance,0.309603,all_var,0.1195315
Episode,235,Score,-16,largest_variance,0.274343,all_var,0.1221903333
Episode,236,Score,-17,largest_variance,0.292067,all_var,0.117303
Episode,237,Score,-18,largest_variance,0.299074,all_var,0.1194588333
Episode,238,Score,-15,largest_variance,0.296885,all_var,0.1160246667
Episode,239,Score,-17,largest_variance,0.302114,all_var,0.118967
Episode,240,Score,-17,largest_variance,0.308895,all_var,0.1154436667
Episode,241,Score,-16,largest_variance,0.282145,all_var,0.1176513333
Episode,242,Score,-17,largest_variance,0.309128,all_var,0.1162921667
Episode,243,Score,-18,largest_variance,0.300823,all_var,0.1164778333
Episode,244,Score,-17,largest_variance,0.294782,all_var,0.1099118333
Episode,245,Score,-17,largest_variance,0.298291,all_var,0.1128725
Episode,246,Score,-19,largest_variance,0.292125,all_var,0.1133966667
Episode,247,Score,-18,largest_variance,0.29066,all_var,0.1156896667
Episode,248,Score,-13,largest_variance,0.282936,all_var,0.111877
Episode,249,Score,-19,largest_variance,0.289087,all_var,0.1098303333
Episode,250,Score,-15,largest_variance,0.294626,all_var,0.1104111667
Episode,251,Score,-16,largest_variance,0.292292,all_var,0.110223
Episode,252,Score,-16,largest_variance,0.298891,all_var,0.1100935
Episode,253,Score,-16,largest_variance,0.31692,all_var,0.1070946667
Episode,254,Score,-16,largest_variance,0.321705,all_var,0.1028246667
Episode,255,Score,-21,largest_variance,0.324499,all_var,0.1019975
Episode,256,Score,-15,largest_variance,0.332527,all_var,0.1015786667
Episode,257,Score,-19,largest_variance,0.366265,all_var,0.100003
Episode,258,Score,-19,largest_variance,0.361972,all_var,0.0996526667
Episode,259,Score,-16,largest_variance,0.390715,all_var,0.1009046667
Episode,260,Score,-18,largest_variance,0.380885,all_var,0.097569
Episode,261,Score,-20,largest_variance,0.374906,all_var,0.0972356667
Episode,262,Score,-18,largest_variance,0.402255,all_var,0.100063
Episode,263,Score,-19,largest_variance,0.45659,all_var,0.1006263333
Episode,264,Score,-18,largest_variance,0.416204,all_var,0.0952141667
Episode,265,Score,-16,largest_variance,0.38254,all_var,0.0974391667
Episode,266,Score,-17,largest_variance,0.354376,all_var,0.1022578333
Episode,267,Score,-15,largest_variance,0.338412,all_var,0.1035303333
Episode,268,Score,-19,largest_variance,0.337761,all_var,0.1001695
Episode,269,Score,-19,largest_variance,0.306891,all_var,0.1019686667
Episode,270,Score,-18,largest_variance,0.339313,all_var,0.1017775
Episode,271,Score,-17,largest_variance,0.297534,all_var,0.1050985
Episode,272,Score,-21,largest_variance,0.300901,all_var,0.0996475
Episode,273,Score,-16,largest_variance,0.319826,all_var,0.1012053333
Episode,274,Score,-17,largest_variance,0.316855,all_var,0.0962626667
Episode,275,Score,-17,largest_variance,0.313172,all_var,0.09678
Episode,276,Score,-17,largest_variance,0.318202,all_var,0.1031678333
Episode,277,Score,-16,largest_variance,0.312791,all_var,0.100817
Episode,278,Score,-18,largest_variance,0.295108,all_var,0.0934973333
Episode,279,Score,-18,largest_variance,0.315655,all_var,0.0966465
Episode,280,Score,-18,largest_variance,0.319971,all_var,0.0954913333
Episode,281,Score,-16,largest_variance,0.317556,all_var,0.0943016667
Episode,282,Score,-17,largest_variance,0.330672,all_var,0.09036
Episode,283,Score,-20,largest_variance,0.321607,all_var,0.0899463333
Episode,284,Score,-18,largest_variance,0.339061,all_var,0.0924651667
Episode,285,Score,-19,largest_variance,0.319508,all_var,0.0897021667
Episode,286,Score,-13,largest_variance,0.323246,all_var,0.0914433333
Episode,287,Score,-20,largest_variance,0.312639,all_var,0.092117
Episode,288,Score,-18,largest_variance,0.338061,all_var,0.0855716667
Episode,289,Score,-16,largest_variance,0.317249,all_var,0.0895993333
Episode,290,Score,-19,largest_variance,0.33311,all_var,0.0807685
Episode,291,Score,-16,largest_variance,0.344048,all_var,0.0891396667
Episode,292,Score,-16,largest_variance,0.355823,all_var,0.0892875
Episode,293,Score,-17,largest_variance,0.35118,all_var,0.0882
Episode,294,Score,-16,largest_variance,0.357268,all_var,0.0901248333
Episode,295,Score,-15,largest_variance,0.3476,all_var,0.0921871667
Episode,296,Score,-18,largest_variance,0.361565,all_var,0.0847671667
Episode,297,Score,-17,largest_variance,0.334992,all_var,0.0930648333
Episode,298,Score,-17,largest_variance,0.360209,all_var,0.0872098333
Episode,299,Score,-14,largest_variance,0.347833,all_var,0.0876135
Episode,300,Score,-17,largest_variance,0.347194,all_var,0.0905433333
Episode,301,Score,-13,largest_variance,0.340768,all_var,0.093325
Episode,302,Score,-17,largest_variance,0.350901,all_var,0.0882756667
Episode,303,Score,-15,largest_variance,0.332393,all_var,0.0857653333
Episode,304,Score,-16,largest_variance,0.34392,all_var,0.0875558333
Episode,305,Score,-14,largest_variance,0.345897,all_var,0.0874803333
Episode,306,Score,-14,largest_variance,0.343367,all_var,0.0906861667
Episode,307,Score,-15,largest_variance,0.321785,all_var,0.0903596667
Episode,308,Score,-15,largest_variance,0.338055,all_var,0.0894771667
Episode,309,Score,-18,largest_variance,0.337816,all_var,0.0866955
Episode,310,Score,-15,largest_variance,0.330122,all_var,0.0856983333
Episode,311,Score,-18,largest_variance,0.331918,all_var,0.0907275
Episode,312,Score,-12,largest_variance,0.344779,all_var,0.084922
Episode,313,Score,-13,largest_variance,0.365537,all_var,0.0868856667
Episode,314,Score,-17,largest_variance,0.356834,all_var,0.0893018333
Episode,315,Score,-17,largest_variance,0.361322,all_var,0.0850755
Episode,316,Score,-16,largest_variance,0.348983,all_var,0.0896123333
Episode,317,Score,-14,largest_variance,0.374049,all_var,0.0873306667
Episode,318,Score,-17,largest_variance,0.354674,all_var,0.0854985
Episode,319,Score,-15,largest_variance,0.351011,all_var,0.081227
Episode,320,Score,-12,largest_variance,0.355447,all_var,0.0792458333
Episode,321,Score,-16,largest_variance,0.371282,all_var,0.0816101667
Episode,322,Score,-15,largest_variance,0.333066,all_var,0.0820991667
Episode,323,Score,-16,largest_variance,0.351591,all_var,0.0802971667
Episode,324,Score,-12,largest_variance,0.35939,all_var,0.0812356667
Episode,325,Score,-14,largest_variance,0.36717,all_var,0.0819935
Episode,326,Score,-15,largest_variance,0.370865,all_var,0.078659
Episode,327,Score,-15,largest_variance,0.341884,all_var,0.0756743333
Episode,328,Score,-15,largest_variance,0.385059,all_var,0.074129
Episode,329,Score,-19,largest_variance,0.349422,all_var,0.0754798333
Episode,330,Score,-11,largest_variance,0.375946,all_var,0.0742796667
Episode,331,Score,-15,largest_variance,0.392735,all_var,0.0670898333
Episode,332,Score,-17,largest_variance,0.363136,all_var,0.0695121667
Episode,333,Score,-12,largest_variance,0.35662,all_var,0.0707761667
Episode,334,Score,-17,largest_variance,0.38174,all_var,0.0699643333
Episode,335,Score,-17,largest_variance,0.373244,all_var,0.0708336667
Episode,336,Score,-20,largest_variance,0.383925,all_var,0.070542
Episode,337,Score,-15,largest_variance,0.368211,all_var,0.0713216667
Episode,338,Score,-17,largest_variance,0.393023,all_var,0.0691658333
Episode,339,Score,-18,largest_variance,0.372006,all_var,0.0721346667
Episode,340,Score,-17,largest_variance,0.361628,all_var,0.0734306667
Episode,341,Score,-18,largest_variance,0.383174,all_var,0.0705536667
Episode,342,Score,-16,largest_variance,0.38133,all_var,0.0688806667
Episode,343,Score,-15,largest_variance,0.380179,all_var,0.07187
Episode,344,Score,-8,largest_variance,0.399771,all_var,0.0734485
Episode,345,Score,-18,largest_variance,0.362961,all_var,0.0705111667
Episode,346,Score,-15,largest_variance,0.373046,all_var,0.0719225
Episode,347,Score,-10,largest_variance,0.373872,all_var,0.0701398333
Episode,348,Score,-13,largest_variance,0.369576,all_var,0.0713386667
Episode,349,Score,-14,largest_variance,0.359843,all_var,0.0734041667
Episode,350,Score,-15,largest_variance,0.386402,all_var,0.0718621667
Episode,351,Score,-16,largest_variance,0.364434,all_var,0.0700595
Episode,352,Score,-20,largest_variance,0.394982,all_var,0.0758271667
Episode,353,Score,-18,largest_variance,0.379027,all_var,0.07551
Episode,354,Score,-15,largest_variance,0.360669,all_var,0.0776025
Episode,355,Score,-17,largest_variance,0.350919,all_var,0.0751328333
Episode,356,Score,-15,largest_variance,0.350046,all_var,0.0756541667
Episode,357,Score,-16,largest_variance,0.364739,all_var,0.0783676667
Episode,358,Score,-19,largest_variance,0.313824,all_var,0.0788295
Episode,359,Score,-19,largest_variance,0.352034,all_var,0.0748358333
Episode,360,Score,-17,largest_variance,0.331327,all_var,0.069753
Episode,361,Score,-16,largest_variance,0.323346,all_var,0.0651895
Episode,362,Score,-17,largest_variance,0.332042,all_var,0.0726825
Episode,363,Score,-15,largest_variance,0.320621,all_var,0.0763768333
Episode,364,Score,-16,largest_variance,0.34543,all_var,0.0760928333
Episode,365,Score,-13,largest_variance,0.331034,all_var,0.0745035
Episode,366,Score,-17,largest_variance,0.316331,all_var,0.075043
Episode,367,Score,-16,largest_variance,0.326969,all_var,0.073868
Episode,368,Score,-14,largest_variance,0.327124,all_var,0.0678183333
Episode,369,Score,-12,largest_variance,0.335604,all_var,0.0723333333
Episode,370,Score,-17,largest_variance,0.304474,all_var,0.0737811667
Episode,371,Score,-18,largest_variance,0.312906,all_var,0.0677976667
Episode,372,Score,-12,largest_variance,0.324603,all_var,0.0671883333
Episode,373,Score,-19,largest_variance,0.315452,all_var,0.0740093333
Episode,374,Score,-15,largest_variance,0.306779,all_var,0.0680765
Episode,375,Score,-5,largest_variance,0.327752,all_var,0.0661423333
Episode,376,Score,-14,largest_variance,0.309019,all_var,0.0682665
Episode,377,Score,-13,largest_variance,0.304709,all_var,0.0677706667
Episode,378,Score,-14,largest_variance,0.306073,all_var,0.0650868333
Episode,379,Score,-17,largest_variance,0.319576,all_var,0.063668
Episode,380,Score,-15,largest_variance,0.31459,all_var,0.065659
Episode,381,Score,-9,largest_variance,0.317799,all_var,0.0637238333
Episode,382,Score,-13,largest_variance,0.328413,all_var,0.0643436667
Episode,383,Score,-13,largest_variance,0.324843,all_var,0.0658678333
Episode,384,Score,-17,largest_variance,0.320859,all_var,0.063616
Episode,385,Score,-15,largest_variance,0.323083,all_var,0.0611655
Episode,386,Score,-19,largest_variance,0.305276,all_var,0.0593978333
Episode,387,Score,-10,largest_variance,0.309918,all_var,0.0602046667
Episode,388,Score,-13,largest_variance,0.304889,all_var,0.057223
Episode,389,Score,-12,largest_variance,0.315315,all_var,0.0595353333
Episode,390,Score,-14,largest_variance,0.297154,all_var,0.0560153333
Episode,391,Score,-18,largest_variance,0.307009,all_var,0.0581463333
Episode,392,Score,-19,largest_variance,0.314785,all_var,0.0570681667
Episode,393,Score,-18,largest_variance,0.285377,all_var,0.0583568333
Episode,394,Score,-11,largest_variance,0.299393,all_var,0.0616886667
Episode,395,Score,-11,largest_variance,0.302709,all_var,0.0540435
Episode,396,Score,-16,largest_variance,0.284823,all_var,0.0589428333
Episode,397,Score,-19,largest_variance,0.277603,all_var,0.0631375
Episode,398,Score,-16,largest_variance,0.278973,all_var,0.060306
Episode,399,Score,-19,largest_variance,0.280603,all_var,0.0613976667
Episode,400,Score,-14,largest_variance,0.291764,all_var,0.0608751667
Episode,401,Score,-14,largest_variance,0.30168,all_var,0.0570346667
Episode,402,Score,-7,largest_variance,0.289145,all_var,0.0580016667
Episode,403,Score,-18,largest_variance,0.290066,all_var,0.059264
Episode,404,Score,-17,largest_variance,0.277697,all_var,0.0560198333
Episode,405,Score,-18,largest_variance,0.314924,all_var,0.0566971667
Episode,406,Score,-12,largest_variance,0.30684,all_var,0.0549176667
Episode,407,Score,-14,largest_variance,0.307354,all_var,0.0547505
Episode,408,Score,-15,largest_variance,0.283611,all_var,0.0524786667
Episode,409,Score,-10,largest_variance,0.286683,all_var,0.0533448333
Episode,410,Score,-18,largest_variance,0.300527,all_var,0.0576576667
Episode,411,Score,-14,largest_variance,0.29459,all_var,0.0551405
Episode,412,Score,-18,largest_variance,0.30014,all_var,0.0502403333
Episode,413,Score,-14,largest_variance,0.27751,all_var,0.0505345
Episode,414,Score,-16,largest_variance,0.298019,all_var,0.0479938333
Episode,415,Score,-20,largest_variance,0.286257,all_var,0.0511383333
Episode,416,Score,-15,largest_variance,0.281423,all_var,0.04968
Episode,417,Score,-18,largest_variance,0.283542,all_var,0.04878
Episode,418,Score,-14,largest_variance,0.300001,all_var,0.0504403333
Episode,419,Score,-14,largest_variance,0.319332,all_var,0.0473901667
Episode,420,Score,-16,largest_variance,0.299326,all_var,0.0496275
Episode,421,Score,-16,largest_variance,0.298959,all_var,0.0504221667
Episode,422,Score,-16,largest_variance,0.289085,all_var,0.0493535
Episode,423,Score,-17,largest_variance,0.274361,all_var,0.0506588333
Episode,424,Score,-11,largest_variance,0.281919,all_var,0.0505665
Episode,425,Score,-9,largest_variance,0.297577,all_var,0.0520085
Episode,426,Score,-15,largest_variance,0.274906,all_var,0.0568733333
Episode,427,Score,-13,largest_variance,0.274411,all_var,0.0555048333
Episode,428,Score,-18,largest_variance,0.290375,all_var,0.0566375
Episode,429,Score,-11,largest_variance,0.286701,all_var,0.0605436667
Episode,430,Score,-12,largest_variance,0.297192,all_var,0.0578375
Episode,431,Score,-13,largest_variance,0.280962,all_var,0.0582156667
Episode,432,Score,-18,largest_variance,0.300476,all_var,0.0591523333
Episode,433,Score,-14,largest_variance,0.268295,all_var,0.0603111667
Episode,434,Score,-15,largest_variance,0.275771,all_var,0.0597841667
Episode,435,Score,-17,largest_variance,0.276937,all_var,0.0595245
Episode,436,Score,-16,largest_variance,0.279968,all_var,0.0590743333
Episode,437,Score,-12,largest_variance,0.276493,all_var,0.0596763333
Episode,438,Score,-18,largest_variance,0.276278,all_var,0.0614238333
Episode,439,Score,-10,largest_variance,0.277293,all_var,0.0591925
Episode,440,Score,-16,largest_variance,0.283132,all_var,0.0613046667
Episode,441,Score,-17,largest_variance,0.266632,all_var,0.0665541667
Episode,442,Score,-12,largest_variance,0.280529,all_var,0.0628258333
Episode,443,Score,-15,largest_variance,0.276596,all_var,0.0636328333
Episode,444,Score,-13,largest_variance,0.282882,all_var,0.0596335
Episode,445,Score,-17,largest_variance,0.295558,all_var,0.061277
Episode,446,Score,-14,largest_variance,0.294611,all_var,0.0595756667
Episode,447,Score,-16,largest_variance,0.278284,all_var,0.059498
Episode,448,Score,-15,largest_variance,0.264593,all_var,0.0619035
Episode,449,Score,-18,largest_variance,0.270604,all_var,0.0588763333
Episode,450,Score,-13,largest_variance,0.277301,all_var,0.063125
Episode,451,Score,-11,largest_variance,0.291421,all_var,0.0590048333
Episode,452,Score,-14,largest_variance,0.27131,all_var,0.0613148333
Episode,453,Score,-16,largest_variance,0.290851,all_var,0.062355
Episode,454,Score,-10,largest_variance,0.282508,all_var,0.0593871667
Episode,455,Score,-15,largest_variance,0.289236,all_var,0.05687
Episode,456,Score,-12,largest_variance,0.294115,all_var,0.0595905
Episode,457,Score,-13,largest_variance,0.29041,all_var,0.0577726667
Episode,458,Score,-14,largest_variance,0.301069,all_var,0.0574875
Episode,459,Score,-12,largest_variance,0.299099,all_var,0.0586296667
Episode,460,Score,-13,largest_variance,0.290732,all_var,0.060205
Episode,461,Score,-12,largest_variance,0.30993,all_var,0.0615035
Episode,462,Score,-15,largest_variance,0.30747,all_var,0.0650058333
Episode,463,Score,-11,largest_variance,0.310613,all_var,0.0642155
Episode,464,Score,-15,largest_variance,0.299221,all_var,0.0676698333
Episode,465,Score,-15,largest_variance,0.314448,all_var,0.0687478333
Episode,466,Score,-13,largest_variance,0.293884,all_var,0.0649916667
Episode,467,Score,-14,largest_variance,0.308824,all_var,0.0661453333
Episode,468,Score,-15,largest_variance,0.29521,all_var,0.0734281667
Episode,469,Score,-17,largest_variance,0.316545,all_var,0.0674695
Episode,470,Score,-15,largest_variance,0.307058,all_var,0.0685958333
Episode,471,Score,-11,largest_variance,0.316268,all_var,0.0673135
Episode,472,Score,-10,largest_variance,0.310546,all_var,0.0662246667
Episode,473,Score,-13,largest_variance,0.311009,all_var,0.0667395
Episode,474,Score,-15,largest_variance,0.302204,all_var,0.071611
Episode,475,Score,-12,largest_variance,0.316119,all_var,0.068912
Episode,476,Score,-16,largest_variance,0.315396,all_var,0.0701156667
Episode,477,Score,-17,largest_variance,0.314376,all_var,0.0695671667
Episode,478,Score,-13,largest_variance,0.31234,all_var,0.0721411667
Episode,479,Score,-17,largest_variance,0.305483,all_var,0.0706661667
Episode,480,Score,-16,largest_variance,0.319465,all_var,0.0706928333
Episode,481,Score,-13,largest_variance,0.300784,all_var,0.074263
Episode,482,Score,-15,largest_variance,0.319159,all_var,0.071228
Episode,483,Score,-13,largest_variance,0.317766,all_var,0.0724798333
Episode,484,Score,-12,largest_variance,0.33263,all_var,0.0743396667
Episode,485,Score,-16,largest_variance,0.317665,all_var,0.0799525
Episode,486,Score,-15,largest_variance,0.322552,all_var,0.0775613333
Episode,487,Score,-17,largest_variance,0.317015,all_var,0.0763453333
Episode,488,Score,-18,largest_variance,0.322198,all_var,0.0779066667
Episode,489,Score,-11,largest_variance,0.323584,all_var,0.0758966667
Episode,490,Score,-16,largest_variance,0.323636,all_var,0.0702436667
Episode,491,Score,-8,largest_variance,0.335024,all_var,0.0713376667
Episode,492,Score,-10,largest_variance,0.329841,all_var,0.0729446667
Episode,493,Score,-14,largest_variance,0.315602,all_var,0.0717203333
Episode,494,Score,-17,largest_variance,0.319211,all_var,0.0730603333
Episode,495,Score,-11,largest_variance,0.334183,all_var,0.0723971667
Episode,496,Score,-15,largest_variance,0.330251,all_var,0.072122
Episode,497,Score,-10,largest_variance,0.343074,all_var,0.0679663333
Episode,498,Score,-15,largest_variance,0.334631,all_var,0.0690205
Episode,499,Score,-15,largest_variance,0.323233,all_var,0.0703623333
Episode,500,Score,-13,largest_variance,0.317608,all_var,0.0713793333
Episode,501,Score,-15,largest_variance,0.34197,all_var,0.0665336667
Episode,502,Score,-15,largest_variance,0.329067,all_var,0.0695615
Episode,503,Score,-18,largest_variance,0.327691,all_var,0.068265
Episode,504,Score,-17,largest_variance,0.343477,all_var,0.063863
Episode,505,Score,-17,largest_variance,0.336197,all_var,0.0654735
Episode,506,Score,-17,largest_variance,0.335884,all_var,0.0626521667
Episode,507,Score,-18,largest_variance,0.324451,all_var,0.0626911667
Episode,508,Score,-16,largest_variance,0.327745,all_var,0.062116
Episode,509,Score,-14,largest_variance,0.315907,all_var,0.0659043333
Episode,510,Score,-16,largest_variance,0.324882,all_var,0.063202
Episode,511,Score,-9,largest_variance,0.333148,all_var,0.063675
Episode,512,Score,-18,largest_variance,0.320761,all_var,0.0674258333
Episode,513,Score,-11,largest_variance,0.316855,all_var,0.0639723333
Episode,514,Score,-13,largest_variance,0.323002,all_var,0.0648576667
Episode,515,Score,-14,largest_variance,0.337058,all_var,0.0654341667
Episode,516,Score,-17,largest_variance,0.318924,all_var,0.0633118333
Episode,517,Score,-8,largest_variance,0.322592,all_var,0.0666933333
Episode,518,Score,-8,largest_variance,0.318409,all_var,0.0661256667
Episode,519,Score,-11,largest_variance,0.329073,all_var,0.064569
Episode,520,Score,-11,largest_variance,0.304602,all_var,0.0651881667
Episode,521,Score,-12,largest_variance,0.307688,all_var,0.0664653333
Episode,522,Score,-14,largest_variance,0.313848,all_var,0.0650368333
Episode,523,Score,-11,largest_variance,0.311113,all_var,0.065163
Episode,524,Score,-15,largest_variance,0.312504,all_var,0.0638933333
Episode,525,Score,-8,largest_variance,0.319444,all_var,0.0621331667
Episode,526,Score,-10,largest_variance,0.315405,all_var,0.062559
Episode,527,Score,-13,largest_variance,0.322432,all_var,0.0665961667
Episode,528,Score,-13,largest_variance,0.318117,all_var,0.0629503333
Episode,529,Score,-13,largest_variance,0.315461,all_var,0.0673995
Episode,530,Score,-11,largest_variance,0.31087,all_var,0.0639946667
Episode,531,Score,-12,largest_variance,0.298554,all_var,0.0649878333
Episode,532,Score,-9,largest_variance,0.322451,all_var,0.0619323333
Episode,533,Score,-13,largest_variance,0.311458,all_var,0.059108
Episode,534,Score,-17,largest_variance,0.31539,all_var,0.0566658333
Episode,535,Score,-15,largest_variance,0.305902,all_var,0.0567348333
Episode,536,Score,-11,largest_variance,0.318083,all_var,0.0506541667
Episode,537,Score,-7,largest_variance,0.3125,all_var,0.050899
Episode,538,Score,-5,largest_variance,0.296304,all_var,0.0534025
Episode,539,Score,-16,largest_variance,0.305038,all_var,0.0536456667
Episode,540,Score,-13,largest_variance,0.326034,all_var,0.0552413333
Episode,541,Score,-12,largest_variance,0.307938,all_var,0.0525908333
Episode,542,Score,-12,largest_variance,0.335388,all_var,0.0469643333
Episode,543,Score,-10,largest_variance,0.30696,all_var,0.0498171667
Episode,544,Score,-13,largest_variance,0.303479,all_var,0.0517581667
Episode,545,Score,-10,largest_variance,0.326135,all_var,0.0503111667
Episode,546,Score,-10,largest_variance,0.324077,all_var,0.0455453333
Episode,547,Score,-4,largest_variance,0.318987,all_var,0.0469301667
Episode,548,Score,-13,largest_variance,0.324541,all_var,0.0455818333
Episode,549,Score,-15,largest_variance,0.327455,all_var,0.04525
Episode,550,Score,-11,largest_variance,0.32839,all_var,0.0451673333
Episode,551,Score,-11,largest_variance,0.361668,all_var,0.0441323333
Episode,552,Score,-8,largest_variance,0.327408,all_var,0.0405123333
Episode,553,Score,-8,largest_variance,0.326762,all_var,0.0436078333
Episode,554,Score,-14,largest_variance,0.338046,all_var,0.0398388333
Episode,555,Score,-11,largest_variance,0.337397,all_var,0.0423043333
Episode,556,Score,-14,largest_variance,0.354016,all_var,0.0401348333
Episode,557,Score,-12,largest_variance,0.38678,all_var,0.040783
Episode,558,Score,-7,largest_variance,0.371466,all_var,0.0399541667
Episode,559,Score,-4,largest_variance,0.363716,all_var,0.038856
Episode,560,Score,-12,largest_variance,0.376837,all_var,0.0396958333
Episode,561,Score,-11,largest_variance,0.383866,all_var,0.0376301667
Episode,562,Score,-13,largest_variance,0.389304,all_var,0.039081
Episode,563,Score,-15,largest_variance,0.396071,all_var,0.038088
Episode,564,Score,-10,largest_variance,0.407468,all_var,0.038093
Episode,565,Score,-9,largest_variance,0.380485,all_var,0.034703
Episode,566,Score,-19,largest_variance,0.404081,all_var,0.0355565
Episode,567,Score,-11,largest_variance,0.38354,all_var,0.0369828333
Episode,568,Score,-12,largest_variance,0.382802,all_var,0.0374538333
Episode,569,Score,-18,largest_variance,0.403086,all_var,0.0359538333
Episode,570,Score,-15,largest_variance,0.379913,all_var,0.0339108333
Episode,571,Score,-13,largest_variance,0.371648,all_var,0.0367476667
Episode,572,Score,-19,largest_variance,0.376778,all_var,0.0369508333
Episode,573,Score,-12,largest_variance,0.390345,all_var,0.034749
Episode,574,Score,-12,largest_variance,0.42409,all_var,0.031214
Episode,575,Score,-13,largest_variance,0.365753,all_var,0.034139
Episode,576,Score,-11,largest_variance,0.382593,all_var,0.0343036667
Episode,577,Score,-14,largest_variance,0.394356,all_var,0.035234
Episode,578,Score,-12,largest_variance,0.375515,all_var,0.0325183333
Episode,579,Score,-16,largest_variance,0.38205,all_var,0.0348313333
Episode,580,Score,-14,largest_variance,0.376891,all_var,0.0340546667
Episode,581,Score,-14,largest_variance,0.364695,all_var,0.0324186667
Episode,582,Score,-11,largest_variance,0.377496,all_var,0.0343928333
Episode,583,Score,-10,largest_variance,0.378517,all_var,0.032683
Episode,584,Score,-11,largest_variance,0.382976,all_var,0.034675
Episode,585,Score,-12,largest_variance,0.392891,all_var,0.0311591667
Episode,586,Score,-8,largest_variance,0.366783,all_var,0.0319675
Episode,587,Score,-12,largest_variance,0.38499,all_var,0.0352718333
Episode,588,Score,-12,largest_variance,0.383742,all_var,0.0337385
Episode,589,Score,-16,largest_variance,0.419457,all_var,0.0346436667
Episode,590,Score,-15,largest_variance,0.387481,all_var,0.032323
Episode,591,Score,-11,largest_variance,0.392671,all_var,0.0317335
Episode,592,Score,-14,largest_variance,0.389385,all_var,0.0324168333
Episode,593,Score,-11,largest_variance,0.390618,all_var,0.036536
Episode,594,Score,-8,largest_variance,0.38599,all_var,0.0364605
Episode,595,Score,-12,largest_variance,0.3975,all_var,0.0364173333
Episode,596,Score,-16,largest_variance,0.410198,all_var,0.035463
Episode,597,Score,-7,largest_variance,0.388185,all_var,0.035909
Episode,598,Score,-5,largest_variance,0.396202,all_var,0.0381418333
Episode,599,Score,-8,largest_variance,0.404784,all_var,0.035724
Episode,600,Score,-12,largest_variance,0.397394,all_var,0.0401508333
Episode,601,Score,-6,largest_variance,0.391426,all_var,0.036942
Episode,602,Score,-15,largest_variance,0.392394,all_var,0.0380178333
Episode,603,Score,-16,largest_variance,0.41982,all_var,0.0378386667
Episode,604,Score,-16,largest_variance,0.387424,all_var,0.0379753333
Episode,605,Score,-7,largest_variance,0.387952,all_var,0.0361656667
Episode,606,Score,-7,largest_variance,0.407991,all_var,0.0370685
Episode,607,Score,-10,largest_variance,0.399696,all_var,0.0377746667
Episode,608,Score,-11,largest_variance,0.404068,all_var,0.03627
Episode,609,Score,-11,largest_variance,0.416261,all_var,0.0367908333
Episode,610,Score,-9,largest_variance,0.4198,all_var,0.0384775
Episode,611,Score,-8,largest_variance,0.415967,all_var,0.0393991667
Episode,612,Score,-8,largest_variance,0.412291,all_var,0.0390883333
Episode,613,Score,-9,largest_variance,0.417289,all_var,0.0402886667
Episode,614,Score,-4,largest_variance,0.40987,all_var,0.0398573333
Episode,615,Score,-13,largest_variance,0.434232,all_var,0.0403281667
Episode,616,Score,-13,largest_variance,0.450403,all_var,0.0403766667
Episode,617,Score,-11,largest_variance,0.418726,all_var,0.0371276667
Episode,618,Score,-6,largest_variance,0.430591,all_var,0.0382483333
Episode,619,Score,-8,largest_variance,0.442681,all_var,0.037094
Episode,620,Score,-12,largest_variance,0.446794,all_var,0.0364713333
Episode,621,Score,-14,largest_variance,0.441602,all_var,0.0366515
Episode,622,Score,-8,largest_variance,0.450807,all_var,0.0360541667
Episode,623,Score,-7,largest_variance,0.442396,all_var,0.0340798333
Episode,624,Score,-5,largest_variance,0.412395,all_var,0.0358213333
Episode,625,Score,-13,largest_variance,0.42665,all_var,0.0356058333
Episode,626,Score,-11,largest_variance,0.446561,all_var,0.0321015
Episode,627,Score,-11,largest_variance,0.454394,all_var,0.0331983333
Episode,628,Score,-11,largest_variance,0.433105,all_var,0.0324341667
Episode,629,Score,-7,largest_variance,0.445637,all_var,0.0331941667
Episode,630,Score,-7,largest_variance,0.466241,all_var,0.034188
Episode,631,Score,-9,largest_variance,0.460135,all_var,0.0351328333
Episode,632,Score,-15,largest_variance,0.455456,all_var,0.0338711667
Episode,633,Score,-9,largest_variance,0.438774,all_var,0.0345313333
Episode,634,Score,-8,largest_variance,0.468492,all_var,0.0344591667
Episode,635,Score,-10,largest_variance,0.451602,all_var,0.0333966667
Episode,636,Score,-5,largest_variance,0.488732,all_var,0.0328245
Episode,637,Score,-1,largest_variance,0.458927,all_var,0.0353525
Episode,638,Score,-5,largest_variance,0.47285,all_var,0.0335636667
Episode,639,Score,-8,largest_variance,0.466023,all_var,0.0360183333
Episode,640,Score,-13,largest_variance,0.48558,all_var,0.0368953333
Episode,641,Score,-10,largest_variance,0.484951,all_var,0.0370428333
Episode,642,Score,-2,largest_variance,0.481954,all_var,0.0352888333
Episode,643,Score,-6,largest_variance,0.495581,all_var,0.0367618333
Episode,644,Score,-5,largest_variance,0.506008,all_var,0.037535
Episode,645,Score,-5,largest_variance,0.479561,all_var,0.037656
Episode,646,Score,-4,largest_variance,0.497435,all_var,0.0393116667
Episode,647,Score,-15,largest_variance,0.487416,all_var,0.0387391667
Episode,648,Score,-8,largest_variance,0.479654,all_var,0.0369441667
Episode,649,Score,-10,largest_variance,0.509753,all_var,0.0366331667
Episode,650,Score,-12,largest_variance,0.501918,all_var,0.0372351667
Episode,651,Score,-13,largest_variance,0.497936,all_var,0.0371901667
Episode,652,Score,-7,largest_variance,0.463981,all_var,0.0370651667
Episode,653,Score,-8,largest_variance,0.484374,all_var,0.0345926667
Episode,654,Score,-13,largest_variance,0.501156,all_var,0.0371856667
Episode,655,Score,-12,largest_variance,0.513835,all_var,0.0367655
Episode,656,Score,-3,largest_variance,0.464572,all_var,0.0347353333
Episode,657,Score,-8,largest_variance,0.456536,all_var,0.0337481667
Episode,658,Score,-13,largest_variance,0.469335,all_var,0.0359345
Episode,659,Score,-14,largest_variance,0.471776,all_var,0.0344113333
Episode,660,Score,-6,largest_variance,0.468762,all_var,0.0352081667
Episode,661,Score,-11,largest_variance,0.503262,all_var,0.033374
Episode,662,Score,-15,largest_variance,0.484542,all_var,0.0318555
Episode,663,Score,-12,largest_variance,0.477839,all_var,0.0338116667
Episode,664,Score,-6,largest_variance,0.486793,all_var,0.0336241667
Episode,665,Score,-9,largest_variance,0.470956,all_var,0.030415
Episode,666,Score,-9,largest_variance,0.440558,all_var,0.0320436667
Episode,667,Score,-12,largest_variance,0.507029,all_var,0.0294113333
Episode,668,Score,-5,largest_variance,0.487064,all_var,0.0304196667
Episode,669,Score,-10,largest_variance,0.482747,all_var,0.0314901667
Episode,670,Score,-11,largest_variance,0.446956,all_var,0.0323743333
Episode,671,Score,-7,largest_variance,0.520536,all_var,0.0272743333
Episode,672,Score,-10,largest_variance,0.495337,all_var,0.0295205
Episode,673,Score,-9,largest_variance,0.525106,all_var,0.027879
Episode,674,Score,-3,largest_variance,0.477442,all_var,0.0274143333
Episode,675,Score,-10,largest_variance,0.487126,all_var,0.0279195
Episode,676,Score,-10,largest_variance,0.503629,all_var,0.0275785
Episode,677,Score,-15,largest_variance,0.494261,all_var,0.029759
Episode,678,Score,-9,largest_variance,0.490714,all_var,0.0296698333
Episode,679,Score,-13,largest_variance,0.499811,all_var,0.0289271667
Episode,680,Score,-13,largest_variance,0.494735,all_var,0.0277456667
Episode,681,Score,-12,largest_variance,0.513218,all_var,0.0290753333
Episode,682,Score,-11,largest_variance,0.517214,all_var,0.0264543333
Episode,683,Score,-5,largest_variance,0.462172,all_var,0.0274571667
Episode,684,Score,-12,largest_variance,0.496629,all_var,0.0260225
Episode,685,Score,-9,largest_variance,0.463548,all_var,0.0270018333
Episode,686,Score,-11,largest_variance,0.531709,all_var,0.0263456667
Episode,687,Score,-9,largest_variance,0.495636,all_var,0.0261151667
Episode,688,Score,-7,largest_variance,0.509053,all_var,0.025537
Episode,689,Score,-11,largest_variance,0.482427,all_var,0.0286173333
Episode,690,Score,-13,largest_variance,0.486988,all_var,0.027466
Episode,691,Score,-12,largest_variance,0.475258,all_var,0.0278116667
Episode,692,Score,-19,largest_variance,0.480302,all_var,0.0277201667
Episode,693,Score,-12,largest_variance,0.439379,all_var,0.0271836667
Episode,694,Score,-16,largest_variance,0.441024,all_var,0.0302856667
Episode,695,Score,-14,largest_variance,0.474866,all_var,0.0278195
Episode,696,Score,-5,largest_variance,0.494672,all_var,0.0248548333
Episode,697,Score,-11,largest_variance,0.487137,all_var,0.0260456667
Episode,698,Score,-8,largest_variance,0.487369,all_var,0.0258465
Episode,699,Score,-14,largest_variance,0.468192,all_var,0.0238448333
Episode,700,Score,-6,largest_variance,0.476579,all_var,0.0242933333
Episode,701,Score,-7,largest_variance,0.504771,all_var,0.0242005
Episode,702,Score,-10,largest_variance,0.47547,all_var,0.022986
Episode,703,Score,-9,largest_variance,0.46425,all_var,0.0251663333
Episode,704,Score,-10,largest_variance,0.503069,all_var,0.0211328333
Episode,705,Score,-11,largest_variance,0.505294,all_var,0.022765
Episode,706,Score,-4,largest_variance,0.487099,all_var,0.020597
Episode,707,Score,-13,largest_variance,0.497344,all_var,0.0206931667
Episode,708,Score,-13,largest_variance,0.430477,all_var,0.0225781667
Episode,709,Score,-11,largest_variance,0.511033,all_var,0.0193421667
Episode,710,Score,-9,largest_variance,0.494782,all_var,0.0188926667
Episode,711,Score,-5,largest_variance,0.468168,all_var,0.0204276667
Episode,712,Score,-6,largest_variance,0.446525,all_var,0.0212308333
Episode,713,Score,-8,largest_variance,0.470009,all_var,0.0206213333
Episode,714,Score,-4,largest_variance,0.445336,all_var,0.0203693333
Episode,715,Score,-6,largest_variance,0.45436,all_var,0.0197516667
Episode,716,Score,-5,largest_variance,0.474602,all_var,0.0187051667
Episode,717,Score,-3,largest_variance,0.490543,all_var,0.019324
Episode,718,Score,-13,largest_variance,0.438848,all_var,0.0183425
Episode,719,Score,-11,largest_variance,0.505504,all_var,0.0177188333
Episode,720,Score,-9,largest_variance,0.46499,all_var,0.0181386667
Episode,721,Score,-12,largest_variance,0.467858,all_var,0.0214185
Episode,722,Score,-9,largest_variance,0.473156,all_var,0.0216905
Episode,723,Score,-8,largest_variance,0.48981,all_var,0.0197308333
Episode,724,Score,-10,largest_variance,0.470833,all_var,0.0226948333
Episode,725,Score,-8,largest_variance,0.428963,all_var,0.0212173333
Episode,726,Score,-5,largest_variance,0.447111,all_var,0.0219176667
Episode,727,Score,-7,largest_variance,0.459155,all_var,0.0213971667
Episode,728,Score,-10,largest_variance,0.47719,all_var,0.0199918333
Episode,729,Score,-2,largest_variance,0.470347,all_var,0.0215236667
Episode,730,Score,-4,largest_variance,0.478123,all_var,0.0203626667
Episode,731,Score,-11,largest_variance,0.503637,all_var,0.0206055
Episode,732,Score,-5,largest_variance,0.482309,all_var,0.0222096667
Episode,733,Score,-10,largest_variance,0.473438,all_var,0.02284
Episode,734,Score,-10,largest_variance,0.504347,all_var,0.0229125
Episode,735,Score,-14,largest_variance,0.493998,all_var,0.0235931667
Episode,736,Score,-9,largest_variance,0.487723,all_var,0.0246196667
Episode,737,Score,-10,largest_variance,0.499213,all_var,0.0244563333
Episode,738,Score,-13,largest_variance,0.532536,all_var,0.025946
Episode,739,Score,-15,largest_variance,0.537908,all_var,0.0274336667
Episode,740,Score,-4,largest_variance,0.493786,all_var,0.0287305
Episode,741,Score,-15,largest_variance,0.501773,all_var,0.0295131667
Episode,742,Score,-4,largest_variance,0.502667,all_var,0.0286115
Episode,743,Score,-13,largest_variance,0.53874,all_var,0.0281498333
Episode,744,Score,-8,largest_variance,0.514714,all_var,0.0274833333
Episode,745,Score,-6,largest_variance,0.528535,all_var,0.0301358333
Episode,746,Score,-8,largest_variance,0.507172,all_var,0.0278848333
Episode,747,Score,-7,largest_variance,0.54764,all_var,0.0256035
Episode,748,Score,-9,largest_variance,0.538893,all_var,0.025259
Episode,749,Score,-12,largest_variance,0.536738,all_var,0.0262731667
Episode,750,Score,-2,largest_variance,0.484281,all_var,0.026682
Episode,751,Score,2,largest_variance,0.526387,all_var,0.0243516667
Episode,752,Score,-7,largest_variance,0.527737,all_var,0.0268953333
Episode,753,Score,-10,largest_variance,0.522336,all_var,0.0263283333
Episode,754,Score,-5,largest_variance,0.494942,all_var,0.0256541667
Episode,755,Score,-12,largest_variance,0.489768,all_var,0.0268931667
Episode,756,Score,-8,largest_variance,0.501611,all_var,0.0268475
Episode,757,Score,-14,largest_variance,0.503995,all_var,0.0235013333
Episode,758,Score,-11,largest_variance,0.529777,all_var,0.0250266667
Episode,759,Score,-7,largest_variance,0.502617,all_var,0.0249215
Episode,760,Score,-12,largest_variance,0.48476,all_var,0.0266713333
Episode,761,Score,-11,largest_variance,0.482155,all_var,0.0236956667
Episode,762,Score,-10,largest_variance,0.502956,all_var,0.0246371667
Episode,763,Score,-10,largest_variance,0.482193,all_var,0.0247315
Episode,764,Score,-6,largest_variance,0.506108,all_var,0.0259915
Episode,765,Score,-5,largest_variance,0.466087,all_var,0.0255828333
Episode,766,Score,-7,largest_variance,0.476087,all_var,0.02317
Episode,767,Score,-10,largest_variance,0.448831,all_var,0.024348
Episode,768,Score,-3,largest_variance,0.451553,all_var,0.0228925
Episode,769,Score,-9,largest_variance,0.46046,all_var,0.0226158333
Episode,770,Score,-5,largest_variance,0.469207,all_var,0.021532
Episode,771,Score,-12,largest_variance,0.44512,all_var,0.0228406667
Episode,772,Score,-11,largest_variance,0.429745,all_var,0.0208983333
Episode,773,Score,-6,largest_variance,0.441909,all_var,0.0212765
Episode,774,Score,-11,largest_variance,0.434023,all_var,0.0215946667
Episode,775,Score,-6,largest_variance,0.43038,all_var,0.0240791667
Episode,776,Score,-10,largest_variance,0.445353,all_var,0.021769
Episode,777,Score,-3,largest_variance,0.376551,all_var,0.0219783333
Episode,778,Score,-8,largest_variance,0.431235,all_var,0.0219516667
Episode,779,Score,-4,largest_variance,0.441735,all_var,0.0230236667
Episode,780,Score,-10,largest_variance,0.441381,all_var,0.0226136667
Episode,781,Score,-2,largest_variance,0.467827,all_var,0.0197061667
Episode,782,Score,-12,largest_variance,0.422241,all_var,0.0215811667
Episode,783,Score,-9,largest_variance,0.446192,all_var,0.0227813333
Episode,784,Score,-7,largest_variance,0.432167,all_var,0.0234581667
Episode,785,Score,-9,largest_variance,0.415845,all_var,0.021639
Episode,786,Score,2,largest_variance,0.416903,all_var,0.0214035
Episode,787,Score,-2,largest_variance,0.440236,all_var,0.0205308333
Episode,788,Score,-2,largest_variance,0.463846,all_var,0.0228348333
Episode,789,Score,-14,largest_variance,0.455355,all_var,0.0211265
Episode,790,Score,2,largest_variance,0.454091,all_var,0.0200536667
Episode,791,Score,-7,largest_variance,0.442154,all_var,0.0216696667
Episode,792,Score,-7,largest_variance,0.413497,all_var,0.0214053333
Episode,793,Score,-10,largest_variance,0.455805,all_var,0.023192
Episode,794,Score,-9,largest_variance,0.44248,all_var,0.0208776667
Episode,795,Score,-7,largest_variance,0.42087,all_var,0.0209671667
Episode,796,Score,-3,largest_variance,0.456415,all_var,0.0221495
Episode,797,Score,-7,largest_variance,0.445398,all_var,0.0216493333
Episode,798,Score,-5,largest_variance,0.485122,all_var,0.020725
Episode,799,Score,-4,largest_variance,0.456326,all_var,0.0215196667
Episode,800,Score,-4,largest_variance,0.429853,all_var,0.0201321667
Episode,801,Score,-10,largest_variance,0.448165,all_var,0.0186935
Episode,802,Score,2,largest_variance,0.469497,all_var,0.0208278333
Episode,803,Score,-3,largest_variance,0.46142,all_var,0.0198616667
Episode,804,Score,-12,largest_variance,0.453038,all_var,0.020129
Episode,805,Score,-14,largest_variance,0.49506,all_var,0.017117
Episode,806,Score,-10,largest_variance,0.490847,all_var,0.0181978333
Episode,807,Score,-5,largest_variance,0.463803,all_var,0.0200835
Episode,808,Score,-11,largest_variance,0.476502,all_var,0.0193896667
Episode,809,Score,-7,largest_variance,0.455662,all_var,0.0201156667
Episode,810,Score,-12,largest_variance,0.429929,all_var,0.020063
Episode,811,Score,-8,largest_variance,0.501927,all_var,0.0194263333
Episode,812,Score,-13,largest_variance,0.472308,all_var,0.019375
Episode,813,Score,-4,largest_variance,0.478817,all_var,0.0208223333
Episode,814,Score,-11,largest_variance,0.47578,all_var,0.0220756667
Episode,815,Score,-7,largest_variance,0.487858,all_var,0.0199318333
Episode,816,Score,-15,largest_variance,0.477277,all_var,0.0197781667
Episode,817,Score,-4,largest_variance,0.464777,all_var,0.0192875
Episode,818,Score,-11,largest_variance,0.501862,all_var,0.019469
Episode,819,Score,-12,largest_variance,0.475971,all_var,0.0207783333
Episode,820,Score,-13,largest_variance,0.484672,all_var,0.021605
Episode,821,Score,-3,largest_variance,0.461805,all_var,0.0223205
Episode,822,Score,-12,largest_variance,0.469363,all_var,0.0216415
Episode,823,Score,-6,largest_variance,0.488503,all_var,0.0197245
Episode,824,Score,-7,largest_variance,0.512721,all_var,0.0200633333
Episode,825,Score,-13,largest_variance,0.480488,all_var,0.0206645
Episode,826,Score,-18,largest_variance,0.546231,all_var,0.0195366667
Episode,827,Score,-15,largest_variance,0.475125,all_var,0.0209045
Episode,828,Score,-14,largest_variance,0.474734,all_var,0.01882
Episode,829,Score,-15,largest_variance,0.471514,all_var,0.0195278333
Episode,830,Score,-9,largest_variance,0.456146,all_var,0.0185181667
Episode,831,Score,-6,largest_variance,0.518959,all_var,0.0188761667
Episode,832,Score,-14,largest_variance,0.440532,all_var,0.0190928333
Episode,833,Score,-9,largest_variance,0.454725,all_var,0.0186123333
Episode,834,Score,-5,largest_variance,0.445443,all_var,0.0188415
Episode,835,Score,-9,largest_variance,0.45937,all_var,0.0190821667
Episode,836,Score,-16,largest_variance,0.481211,all_var,0.0205916667
Episode,837,Score,-7,largest_variance,0.459172,all_var,0.0198678333
Episode,838,Score,-10,largest_variance,0.42579,all_var,0.0179896667
Episode,839,Score,-6,largest_variance,0.46593,all_var,0.0177865
Episode,840,Score,-14,largest_variance,0.446893,all_var,0.0144766667
Episode,841,Score,-13,largest_variance,0.498806,all_var,0.0162515
Episode,842,Score,-16,largest_variance,0.456802,all_var,0.0187013333
Episode,843,Score,-15,largest_variance,0.463494,all_var,0.016459
Episode,844,Score,-15,largest_variance,0.444683,all_var,0.0171283333
Episode,845,Score,-9,largest_variance,0.423315,all_var,0.0160771667
Episode,846,Score,-10,largest_variance,0.4418,all_var,0.0158183333
Episode,847,Score,-13,largest_variance,0.421107,all_var,0.0168076667
Episode,848,Score,-10,largest_variance,0.405103,all_var,0.0148933333
Episode,849,Score,-11,largest_variance,0.448096,all_var,0.0162733333
Episode,850,Score,-5,largest_variance,0.409298,all_var,0.0171065
Episode,851,Score,-11,largest_variance,0.400566,all_var,0.0158073333
Episode,852,Score,-9,largest_variance,0.45118,all_var,0.0152091667
Episode,853,Score,-9,largest_variance,0.400283,all_var,0.0167756667
Episode,854,Score,-12,largest_variance,0.440008,all_var,0.0147548333
Episode,855,Score,-10,largest_variance,0.422449,all_var,0.0144695
Episode,856,Score,-11,largest_variance,0.407489,all_var,0.0152463333
Episode,857,Score,-11,largest_variance,0.427744,all_var,0.0134978333
Episode,858,Score,-9,largest_variance,0.411921,all_var,0.0158073333
Episode,859,Score,-6,largest_variance,0.411316,all_var,0.0145965
Episode,860,Score,-9,largest_variance,0.412422,all_var,0.0141588333
Episode,861,Score,-5,largest_variance,0.41475,all_var,0.0155433333
Episode,862,Score,-9,largest_variance,0.398826,all_var,0.0152403333
Episode,863,Score,-11,largest_variance,0.424315,all_var,0.0149666667
Episode,864,Score,-7,largest_variance,0.391422,all_var,0.0156865
Episode,865,Score,-13,largest_variance,0.403908,all_var,0.0161276667
Episode,866,Score,-8,largest_variance,0.383584,all_var,0.0157846667
Episode,867,Score,-17,largest_variance,0.389758,all_var,0.0154043333
Episode,868,Score,-7,largest_variance,0.370363,all_var,0.0167965
Episode,869,Score,-10,largest_variance,0.377397,all_var,0.0171006667
Episode,870,Score,-11,largest_variance,0.369046,all_var,0.0142466667
Episode,871,Score,-3,largest_variance,0.394871,all_var,0.014427
Episode,872,Score,-9,largest_variance,0.381687,all_var,0.0158525
Episode,873,Score,-7,largest_variance,0.406328,all_var,0.0161138333
Episode,874,Score,-13,largest_variance,0.378831,all_var,0.0164691667
Episode,875,Score,-10,largest_variance,0.379301,all_var,0.0145705
Episode,876,Score,-15,largest_variance,0.390324,all_var,0.0147686667
Episode,877,Score,-6,largest_variance,0.366782,all_var,0.0162013333
Episode,878,Score,-13,largest_variance,0.354145,all_var,0.0175468333
Episode,879,Score,-8,largest_variance,0.35295,all_var,0.0154776667
Episode,880,Score,-8,largest_variance,0.369058,all_var,0.0132783333
Episode,881,Score,-3,largest_variance,0.349753,all_var,0.0150353333
Episode,882,Score,-7,largest_variance,0.365197,all_var,0.0137008333
Episode,883,Score,-10,largest_variance,0.403463,all_var,0.0133898333
Episode,884,Score,-15,largest_variance,0.348835,all_var,0.0125521667
Episode,885,Score,-14,largest_variance,0.36261,all_var,0.013705
Episode,886,Score,-13,largest_variance,0.347399,all_var,0.0128645
Episode,887,Score,-12,largest_variance,0.341813,all_var,0.0134551667
Episode,888,Score,-10,largest_variance,0.367764,all_var,0.0141905
Episode,889,Score,-11,largest_variance,0.356555,all_var,0.0145026667
Episode,890,Score,-10,largest_variance,0.368639,all_var,0.0129191667
Episode,891,Score,-8,largest_variance,0.379776,all_var,0.0133228333
Episode,892,Score,-10,largest_variance,0.410975,all_var,0.0143091667
Episode,893,Score,-11,largest_variance,0.406649,all_var,0.0141756667
Episode,894,Score,-2,largest_variance,0.377829,all_var,0.0149843333
Episode,895,Score,-12,largest_variance,0.35053,all_var,0.0138235
Episode,896,Score,-4,largest_variance,0.35564,all_var,0.0145675
Episode,897,Score,-9,largest_variance,0.396252,all_var,0.0159415
Episode,898,Score,-9,largest_variance,0.418585,all_var,0.015583
Episode,899,Score,-11,largest_variance,0.42205,all_var,0.0146715
Episode,900,Score,-7,largest_variance,0.377121,all_var,0.0157518333
Episode,901,Score,-8,largest_variance,0.437994,all_var,0.0144
Episode,902,Score,-2,largest_variance,0.387431,all_var,0.0154665
Episode,903,Score,-9,largest_variance,0.42185,all_var,0.0145021667
Episode,904,Score,-8,largest_variance,0.348428,all_var,0.015675
Episode,905,Score,-7,largest_variance,0.365546,all_var,0.017514
Episode,906,Score,1,largest_variance,0.420071,all_var,0.01555
Episode,907,Score,-15,largest_variance,0.442455,all_var,0.0159681667
Episode,908,Score,-11,largest_variance,0.423585,all_var,0.0156295
Episode,909,Score,-10,largest_variance,0.455755,all_var,0.01625
Episode,910,Score,-13,largest_variance,0.406868,all_var,0.0170521667
Episode,911,Score,-8,largest_variance,0.419696,all_var,0.0166965
Episode,912,Score,-5,largest_variance,0.406072,all_var,0.013713
Episode,913,Score,-7,largest_variance,0.426188,all_var,0.0125193333
Episode,914,Score,-1,largest_variance,0.396935,all_var,0.0140506667
Episode,915,Score,-8,largest_variance,0.411662,all_var,0.0127571667
Episode,916,Score,-7,largest_variance,0.367473,all_var,0.0112868333
Episode,917,Score,-10,largest_variance,0.33766,all_var,0.0130275
Episode,918,Score,-12,largest_variance,0.380659,all_var,0.0116353333
Episode,919,Score,-18,largest_variance,0.403943,all_var,0.0103888333
Episode,920,Score,-5,largest_variance,0.383569,all_var,0.0110701667
Episode,921,Score,-6,largest_variance,0.362239,all_var,0.0128838333
Episode,922,Score,-10,largest_variance,0.416633,all_var,0.011313
Episode,923,Score,-6,largest_variance,0.406691,all_var,0.0121446667
Episode,924,Score,-12,largest_variance,0.446627,all_var,0.0107121667
Episode,925,Score,-11,largest_variance,0.485978,all_var,0.0106066667
Episode,926,Score,-19,largest_variance,0.527544,all_var,0.0095555
Episode,927,Score,-16,largest_variance,0.528908,all_var,0.0107858333
Episode,928,Score,-12,largest_variance,0.57505,all_var,0.010993
Episode,929,Score,-15,largest_variance,0.568988,all_var,0.0123008333
Episode,930,Score,-11,largest_variance,0.644603,all_var,0.0111373333
Episode,931,Score,-14,largest_variance,0.707718,all_var,0.01218
Episode,932,Score,-14,largest_variance,0.630332,all_var,0.0129253333
Episode,933,Score,-16,largest_variance,0.617699,all_var,0.0142171667
Episode,934,Score,-7,largest_variance,0.658565,all_var,0.013674
Episode,935,Score,-17,largest_variance,0.71982,all_var,0.012945
Episode,936,Score,-16,largest_variance,0.800527,all_var,0.0122055
Episode,937,Score,-20,largest_variance,0.795588,all_var,0.010466
Episode,938,Score,-15,largest_variance,0.843609,all_var,0.0099785
Episode,939,Score,-18,largest_variance,0.906151,all_var,0.008772
Episode,940,Score,-21,largest_variance,0.826962,all_var,0.0102781667
Episode,941,Score,-20,largest_variance,0.887093,all_var,0.0083093333
Episode,942,Score,-20,largest_variance,0.871264,all_var,0.0091726667
Episode,943,Score,-19,largest_variance,0.876772,all_var,0.008796
Episode,944,Score,-17,largest_variance,0.863357,all_var,0.0072221667
Episode,945,Score,-16,largest_variance,0.861809,all_var,0.0076905
Episode,946,Score,-19,largest_variance,0.921461,all_var,0.0083103333
Episode,947,Score,-21,largest_variance,0.800471,all_var,0.0068895
Episode,948,Score,-18,largest_variance,0.940537,all_var,0.0055186667
Episode,949,Score,-17,largest_variance,0.88292,all_var,0.0040556667
Episode,950,Score,-18,largest_variance,0.989065,all_var,0.0030463333
Episode,951,Score,-21,largest_variance,0.99895,all_var,0.0044746667
Episode,952,Score,-21,largest_variance,0.99984,all_var,0.0056125
Episode,953,Score,-21,largest_variance,0.998425,all_var,0.0049938333
Episode,954,Score,-21,largest_variance,0.999647,all_var,0.007264
Episode,955,Score,-21,largest_variance,0.999576,all_var,0.0042163333
Episode,956,Score,-21,largest_variance,0.887139,all_var,0.0064285
Episode,957,Score,-21,largest_variance,0.956055,all_var,0.0054281667
Episode,958,Score,-21,largest_variance,0.961962,all_var,0.0064568333
Episode,959,Score,-21,largest_variance,0.999547,all_var,0.0065328333
Episode,960,Score,-21,largest_variance,0.92306,all_var,0.0062938333
Episode,961,Score,-21,largest_variance,0.956901,all_var,0.0056543333
Episode,962,Score,-21,largest_variance,0.955778,all_var,0.0054878333
Episode,963,Score,-21,largest_variance,0.953601,all_var,0.0049873333
Episode,964,Score,-21,largest_variance,0.955747,all_var,0.0054396667
Episode,965,Score,-21,largest_variance,0.999662,all_var,0.0052741667
Episode,966,Score,-21,largest_variance,0.931182,all_var,0.0070231667
Episode,967,Score,-21,largest_variance,0.956837,all_var,0.0055143333
Episode,968,Score,-21,largest_variance,0.999911,all_var,0.0060591667
Episode,969,Score,-21,largest_variance,0.999887,all_var,0.0049566667
Episode,970,Score,-21,largest_variance,0.99981,all_var,0.0045985
Episode,971,Score,-21,largest_variance,0.999918,all_var,0.0066128333
Episode,972,Score,-21,largest_variance,0.961215,all_var,0.0062006667
Episode,973,Score,-21,largest_variance,0.999856,all_var,0.0071845
Episode,974,Score,-21,largest_variance,0.999887,all_var,0.0046995
Episode,975,Score,-21,largest_variance,0.966205,all_var,0.0070466667
Episode,976,Score,-21,largest_variance,0.999968,all_var,0.0069336667
Episode,977,Score,-21,largest_variance,0.999994,all_var,0.004355
Episode,978,Score,-21,largest_variance,1,all_var,0.001241
Episode,979,Score,-21,largest_variance,0.999999,all_var,1.33333333333333E-06
Episode,980,Score,-21,largest_variance,0.99994,all_var,0
Episode,981,Score,-21,largest_variance,0.999999,all_var,0
Episode,982,Score,-21,largest_variance,0.999998,all_var,0
Episode,983,Score,-21,largest_variance,0.999776,all_var,0
Episode,984,Score,-21,largest_variance,0.998974,all_var,0
Episode,985,Score,-21,largest_variance,0.895471,all_var,0
Episode,986,Score,-21,largest_variance,0.974462,all_var,0
